{
  "best_params": {
    "n_estimators": 380,
    "learning_rate": 0.021697713783363635,
    "max_depth": 7,
    "subsample": 0.7935133228268233,
    "colsample_bytree": 0.8560204063533432,
    "min_child_weight": 5.0
  },
  "best_alpha": 0.35000000000000003,
  "cv_corr_rv_P": 0.5307352354792246,
  "cv_rmse_rv": 1.0020433473656074e-07,
  "test_baseline": {
    "RMSE_log": 10.463452865132808,
    "MAE_log": 5.705383274092572,
    "RMSE_rv": 1.4982288346165912e-06,
    "MAE_rv": 1.5535763465555123e-07,
    "Corr_log": 0.42464287891030644,
    "Corr_P": 0.43713039178147234,
    "Corr_S": 0.5137103537354772
  },
  "test_xgb": {
    "RMSE_log": 7.157730210747394,
    "MAE_log": 4.923331888724556,
    "RMSE_rv": 1.3772051211087169e-06,
    "MAE_rv": 1.1940274230218815e-07,
    "Corr_log": 0.6808834435090375,
    "Corr_P": 0.30063623591394345,
    "Corr_S": 0.668470982577618
  },
  "test_blend": {
    "RMSE_log": 7.6563511905225985,
    "MAE_log": 5.054934471776674,
    "RMSE_rv": 1.3422024964516172e-06,
    "MAE_rv": 1.1649346567767837e-07,
    "Corr_log": 0.6280883951037892,
    "Corr_P": 0.41180507601697214,
    "Corr_S": 0.6444959344689165
  }
}