{
  "dev": {
    "xgb_sign": {
      "mean": 2.37508128876193e-08,
      "std": 1.164827694852932e-07,
      "sharpe_5s": 0.20389979558837681,
      "hit_ratio": 0.6218220169705492,
      "total": 0.020808229675720595
    },
    "blend_sign": {
      "mean": 2.37508128876193e-08,
      "std": 1.164827694852932e-07,
      "sharpe_5s": 0.20389979558837681,
      "hit_ratio": 0.6218220169705492,
      "total": 0.020808229675720595
    },
    "calibrated_sign": {
      "mean": 2.2210747300354047e-08,
      "std": 1.167862123889052e-07,
      "sharpe_5s": 0.19018295778264394,
      "hit_ratio": 0.6144610355367958,
      "total": 0.019458968974323983
    },
    "calibrated_magaware_default": {
      "mean": 1.7988119433198742e-08,
      "std": 8.201629626392694e-08,
      "sharpe_5s": 0.21932372287713775,
      "hit_ratio": 0.602032174188968,
      "total": 0.01575949936414202
    },
    "calibrated_magaware_best": {
      "mean": 2.3263630698573427e-08,
      "std": 1.0461007846602392e-07,
      "sharpe_5s": 0.22238421994998475,
      "hit_ratio": 0.6096533981047956,
      "total": 0.02038140643680437
    }
  },
  "test": {
    "xgb_sign": {
      "mean": 7.748627736798243e-08,
      "std": 1.4962237525504805e-06,
      "sharpe_5s": 0.05178789418086594,
      "hit_ratio": 0.6727530270102453,
      "total": 0.011979998371309029
    },
    "blend_sign": {
      "mean": 7.748627736798243e-08,
      "std": 1.4962237525504805e-06,
      "sharpe_5s": 0.05178789418086594,
      "hit_ratio": 0.6727530270102453,
      "total": 0.011979998371309029
    },
    "calibrated_sign": {
      "mean": 7.079317107111065e-08,
      "std": 1.4965553674375984e-06,
      "sharpe_5s": 0.04730407749118076,
      "hit_ratio": 0.6654183483390251,
      "total": 0.010945190592962275
    },
    "calibrated_magaware_default": {
      "mean": 4.520185378367438e-08,
      "std": 8.816604244107075e-07,
      "sharpe_5s": 0.051269006220719074,
      "hit_ratio": 0.647870744075339,
      "total": 0.006988568209786329
    },
    "calibrated_magaware_best": {
      "mean": 5.8378053224993526e-08,
      "std": 1.138575721760589e-06,
      "sharpe_5s": 0.05127287725292708,
      "hit_ratio": 0.6585105557280347,
      "total": 0.009025714053009799
    }
  },
  "best_magaware_params": {
    "s_edge": 0.3,
    "edge_min": 0.02,
    "L_max": 2.0,
    "dev_sharpe_5s": 0.22238421994998475
  }
}